{
    "loss": 17.270599365234375,
    "accuracy": 0.5179855823516846
}