{
    "loss": 0.4987469017505646,
    "accuracy": 0.9208633303642273
}